{"kind":"identitytoolkit#DownloadAccountResponse","users":[{"localId":"3AEV8Av52tg1ipAA7GguJK99TWfu","createdAt":"1623675351265","lastLoginAt":"1623675351265","displayName":"Fake user 08","photoUrl":"https://static.wikia.nocookie.net/pixar/images/d/de/Wall%E2%80%A2e_clipped_rev_1.png","passwordHash":"fakeHash:salt=fakeSaltsFx2Mg3kAV1YY498kskC:password=fakeuser","salt":"fakeSaltsFx2Mg3kAV1YY498kskC","passwordUpdatedAt":1667769862213,"providerUserInfo":[{"providerId":"password","email":"fake.user8@local.dev","federatedId":"fake.user8@local.dev","rawId":"fake.user8@local.dev","displayName":"Fake user 08","photoUrl":"https://static.wikia.nocookie.net/pixar/images/d/de/Wall%E2%80%A2e_clipped_rev_1.png"}],"validSince":"1667769862","email":"fake.user8@local.dev","emailVerified":false,"disabled":false},{"localId":"BRHtQ8YoNLkeKJMxh92rzJc9nHhv","createdAt":"1623675322756","lastLoginAt":"1623675322756","displayName":"Fake user 06","photoUrl":"https://static.wikia.nocookie.net/pixar/images/d/de/Wall%E2%80%A2e_clipped_rev_1.png","passwordHash":"fakeHash:salt=fakeSaltKDHdWhyRKexGVkDAkhnm:password=fakeuser","salt":"fakeSaltKDHdWhyRKexGVkDAkhnm","passwordUpdatedAt":1667769862213,"providerUserInfo":[{"providerId":"password","email":"fake.user6@local.dev","federatedId":"fake.user6@local.dev","rawId":"fake.user6@local.dev","displayName":"Fake user 06","photoUrl":"https://static.wikia.nocookie.net/pixar/images/d/de/Wall%E2%80%A2e_clipped_rev_1.png"}],"validSince":"1667769862","email":"fake.user6@local.dev","emailVerified":false,"disabled":false},{"localId":"F3ZLtlFh5yt8TopbqV3Nl8qGnuf0","createdAt":"1623675248411","lastLoginAt":"1623675248407","displayName":"Fake user 01","photoUrl":"https://static.wikia.nocookie.net/pixar/images/d/de/Wall%E2%80%A2e_clipped_rev_1.png","passwordHash":"fakeHash:salt=fakeSaltRlfX3Pu7JHCy8gyWLEkW:password=fakeuser","salt":"fakeSaltRlfX3Pu7JHCy8gyWLEkW","passwordUpdatedAt":1667769862213,"providerUserInfo":[{"providerId":"password","email":"fake.user1@local.dev","federatedId":"fake.user1@local.dev","rawId":"fake.user1@local.dev","displayName":"Fake user 01","photoUrl":"https://static.wikia.nocookie.net/pixar/images/d/de/Wall%E2%80%A2e_clipped_rev_1.png"}],"validSince":"1667769862","email":"fake.user1@local.dev","emailVerified":false,"disabled":false},{"localId":"GaLwL4NZ1lqcAKZA7cJEFAITZQds","createdAt":"1623675376748","lastLoginAt":"1623675376747","displayName":"Fake user 10","photoUrl":"https://static.wikia.nocookie.net/pixar/images/d/de/Wall%E2%80%A2e_clipped_rev_1.png","passwordHash":"fakeHash:salt=fakeSaltIq32LXEG3uKVmh7DUPKl:password=fakeuser","salt":"fakeSaltIq32LXEG3uKVmh7DUPKl","passwordUpdatedAt":1667769862213,"providerUserInfo":[{"providerId":"password","email":"fake.user10@local.dev","federatedId":"fake.user10@local.dev","rawId":"fake.user10@local.dev","displayName":"Fake user 10","photoUrl":"https://static.wikia.nocookie.net/pixar/images/d/de/Wall%E2%80%A2e_clipped_rev_1.png"}],"validSince":"1667769862","email":"fake.user10@local.dev","emailVerified":false,"disabled":false},{"localId":"JnJOAecyQSGqniXzs5E12OdVkcdB","createdAt":"1623675365103","lastLoginAt":"1623675365102","displayName":"Fake user 09","photoUrl":"https://static.wikia.nocookie.net/pixar/images/d/de/Wall%E2%80%A2e_clipped_rev_1.png","passwordHash":"fakeHash:salt=fakeSaltMgrXkY2FIJfuKWzuhc6r:password=fakeuser","salt":"fakeSaltMgrXkY2FIJfuKWzuhc6r","passwordUpdatedAt":1667769862213,"providerUserInfo":[{"providerId":"password","email":"fake.user9@local.dev","federatedId":"fake.user9@local.dev","rawId":"fake.user9@local.dev","displayName":"Fake user 09","photoUrl":"https://static.wikia.nocookie.net/pixar/images/d/de/Wall%E2%80%A2e_clipped_rev_1.png"}],"validSince":"1667769862","email":"fake.user9@local.dev","emailVerified":false,"disabled":false},{"localId":"SgRcLA797dNVhWkkH0NLNvXWfceV","createdAt":"1623675336811","lastLoginAt":"1623675336811","displayName":"Fake user 07","photoUrl":"https://static.wikia.nocookie.net/pixar/images/d/de/Wall%E2%80%A2e_clipped_rev_1.png","passwordHash":"fakeHash:salt=fakeSaltpezhIRMLvozCKsMTfbfi:password=fakeuser","salt":"fakeSaltpezhIRMLvozCKsMTfbfi","passwordUpdatedAt":1667769862214,"providerUserInfo":[{"providerId":"password","email":"fake.user7@local.dev","federatedId":"fake.user7@local.dev","rawId":"fake.user7@local.dev","displayName":"Fake user 07","photoUrl":"https://static.wikia.nocookie.net/pixar/images/d/de/Wall%E2%80%A2e_clipped_rev_1.png"}],"validSince":"1667769862","email":"fake.user7@local.dev","emailVerified":false,"disabled":false},{"localId":"SwEn6mWrs3qL3SQMzLozwx3nuA72","createdAt":"1619564211141","lastLoginAt":"1667768871094","displayName":"Human being","photoUrl":"http://diginomica.com/sites/default/files/images/2015-07/human-wins.jpg","providerUserInfo":[{"providerId":"google.com","rawId":"9273646558482042327768896041495498751087","federatedId":"9273646558482042327768896041495498751087","displayName":"Peach Raccoon","photoUrl":"https://avatars.githubusercontent.com/u/6979207?s=60&v=4","email":"peach.raccoon.912@example.com","screenName":"raccoon_peach"}],"validSince":"1667769862","email":"human@example.com","emailVerified":false,"disabled":false},{"localId":"T3Kgx8IRbL8I5maPdllefEFLXHdp","createdAt":"1623675307672","lastLoginAt":"1623675307672","displayName":"Fake user 05","photoUrl":"https://static.wikia.nocookie.net/pixar/images/d/de/Wall%E2%80%A2e_clipped_rev_1.png","passwordHash":"fakeHash:salt=fakeSaltMHmLvXmOsQyJr1VC9rvA:password=fakeuser","salt":"fakeSaltMHmLvXmOsQyJr1VC9rvA","passwordUpdatedAt":1667769862214,"providerUserInfo":[{"providerId":"password","email":"fake.user5@local.dev","federatedId":"fake.user5@local.dev","rawId":"fake.user5@local.dev","displayName":"Fake user 05","photoUrl":"https://static.wikia.nocookie.net/pixar/images/d/de/Wall%E2%80%A2e_clipped_rev_1.png"}],"validSince":"1667769862","email":"fake.user5@local.dev","emailVerified":false,"disabled":false},{"localId":"a9LcXIUzzwcdF9GwDcjQqgkQoTxQ","createdAt":"1623675277394","lastLoginAt":"1623675277394","displayName":"Fake user 03","photoUrl":"https://static.wikia.nocookie.net/pixar/images/d/de/Wall%E2%80%A2e_clipped_rev_1.png","passwordHash":"fakeHash:salt=fakeSalt67rFpOckJFrKWlDxatA3:password=fakeuser","salt":"fakeSalt67rFpOckJFrKWlDxatA3","passwordUpdatedAt":1667769862214,"providerUserInfo":[{"providerId":"password","email":"fake.user3@local.dev","federatedId":"fake.user3@local.dev","rawId":"fake.user3@local.dev","displayName":"Fake user 03","photoUrl":"https://static.wikia.nocookie.net/pixar/images/d/de/Wall%E2%80%A2e_clipped_rev_1.png"}],"validSince":"1667769862","email":"fake.user3@local.dev","emailVerified":false,"disabled":false},{"localId":"bpJ2AdiXj03wo9ONhaJg7svyEMeb","createdAt":"1623675265656","lastLoginAt":"1623675265656","displayName":"Fake user 02","photoUrl":"https://static.wikia.nocookie.net/pixar/images/d/de/Wall%E2%80%A2e_clipped_rev_1.png","passwordHash":"fakeHash:salt=fakeSaltdNsv1lR8tlcl3lAszLwX:password=fakeuser","salt":"fakeSaltdNsv1lR8tlcl3lAszLwX","passwordUpdatedAt":1667769862214,"providerUserInfo":[{"providerId":"password","email":"fake.user2@local.dev","federatedId":"fake.user2@local.dev","rawId":"fake.user2@local.dev","displayName":"Fake user 02","photoUrl":"https://static.wikia.nocookie.net/pixar/images/d/de/Wall%E2%80%A2e_clipped_rev_1.png"}],"validSince":"1667769862","email":"fake.user2@local.dev","emailVerified":false,"disabled":false},{"localId":"dqCzXaxw8x6Nz6poE0iciT7P6eJn","createdAt":"1623675296962","lastLoginAt":"1623675296962","displayName":"Fake user 04","photoUrl":"https://static.wikia.nocookie.net/pixar/images/d/de/Wall%E2%80%A2e_clipped_rev_1.png","passwordHash":"fakeHash:salt=fakeSaltVF3UPV6lKM1uQ62eaQ3w:password=fakuser","salt":"fakeSaltVF3UPV6lKM1uQ62eaQ3w","passwordUpdatedAt":1667769862214,"providerUserInfo":[{"providerId":"password","email":"fake.user4@local.dev","federatedId":"fake.user4@local.dev","rawId":"fake.user4@local.dev","displayName":"Fake user 04","photoUrl":"https://static.wikia.nocookie.net/pixar/images/d/de/Wall%E2%80%A2e_clipped_rev_1.png"}],"validSince":"1667769862","email":"fake.user4@local.dev","emailVerified":false,"disabled":false}]}